Workbook
Name Slicer_Age: #N/A
Name Slicer_Age_Group: #N/A
Name Slicer_Assisted?: #N/A
Name Slicer_Comp: #N/A
Name Slicer_Comp1: #N/A
Name Slicer_MP: #N/A
Name Slicer_Nation: #N/A
Name Slicer_Nation1: #N/A
Name Slicer_Player: #N/A
Name Slicer_Player1: #N/A
Name Slicer_players_data_postition.Pos: #N/A
Name Slicer_players_data_postition.Pos1: #N/A
Name Slicer_Pos: #N/A
Name Slicer_Scored?: #N/A

Sheet Data_Hub
A1: Row Labels | B1: Goals+Assists | C1: Matches Played
A2: Harry Kane | B2: 41 | C2: 31
A3: Erling Haaland | B3: 35 | C3: 35
A4: Michael Olise | B4: 34 | C4: 32
A5: Bruno Fernandes | B5: 30 | C5: 35
A6: Kylian Mbappé | B6: 30 | C6: 31
A7: Luis Díaz | B7: 29 | C7: 32
A8: Lamine Yamal | B8: 27 | C8: 28
A9: Deniz Undav | B9: 26 | C9: 29
A10: Vedat Muriqi | B10: 24 | C10: 37
A11: Federico Dimarco | B11: 23 | C11: 35
A19: Row Labels | B19: Count of Player | C19: Country | D19: Count of player
A20: Albania | B20: 10 | C20: Albania | D20: =_xlfn.XLOOKUP(C20,$A$20:$A$132,$B$20:$B$132,0) -> 10
A21: Algeria | B21: 22 | C21: Algeria | D21: =_xlfn.XLOOKUP(C21,$A$20:$A$132,$B$20:$B$132,0) -> 22
A22: Angola | B22: 7 | C22: Angola | D22: =_xlfn.XLOOKUP(C22,$A$20:$A$132,$B$20:$B$132,0) -> 7
A23: Argentina | B23: 66 | C23: Argentina | D23: =_xlfn.XLOOKUP(C23,$A$20:$A$132,$B$20:$B$132,0) -> 66
A24: Armenia | B24: 2 | C24: Armenia | D24: =_xlfn.XLOOKUP(C24,$A$20:$A$132,$B$20:$B$132,0) -> 2
A25: Australia | B25: 3 | C25: Australia | D25: =_xlfn.XLOOKUP(C25,$A$20:$A$132,$B$20:$B$132,0) -> 3
A26: Austria | B26: 29 | C26: Austria | D26: =_xlfn.XLOOKUP(C26,$A$20:$A$132,$B$20:$B$132,0) -> 29
A27: Barbados | B27: 1 | C27: Barbados | D27: =_xlfn.XLOOKUP(C27,$A$20:$A$132,$B$20:$B$132,0) -> 1
A28: Belgium | B28: 49 | C28: Belgium | D28: =_xlfn.XLOOKUP(C28,$A$20:$A$132,$B$20:$B$132,0) -> 49
A29: Benin | B29: 2 | C29: Benin | D29: =_xlfn.XLOOKUP(C29,$A$20:$A$132,$B$20:$B$132,0) -> 2
A30: Bosnia and Herzegovina | B30: 9 | C30: Bosnia and Herzegovina | D30: =_xlfn.XLOOKUP(C30,$A$20:$A$132,$B$20:$B$132,0) -> 9
A31: Brazil | B31: 81 | C31: Brazil | D31: =_xlfn.XLOOKUP(C31,$A$20:$A$132,$B$20:$B$132,0) -> 81
... A132: Zimbabwe | B132: 3 | C132: Zimbabwe | D132: =_xlfn.XLOOKUP(C132,$A$20:$A$132,$B$20:$B$132,0) -> 3
A134: Row Labels | B134: Average_Goal_Con | C134: Sum of Gls | D134: Sum of MP
A135: Harry Kane | B135: 1.3225806 | C135: 36 | D135: 31
A136: Erling Haaland | B136: 1 | C136: 27 | D136: 35
A137: Kylian Mbappé | B137: 0.96774194 | C137: 25 | D137: 31
A138: Vedat Muriqi | B138: 0.64864865 | C138: 23 | D138: 37
A139: Igor Thiago | B139: 0.60526316 | C139: 22 | D139: 38
A140: Deniz Undav | B140: 0.89655172 | C140: 19 | D140: 29
A141: Serhou Guirassy | B141: 0.54545455 | C141: 17 | D141: 33
A142: Ante Budimir | B142: 0.45945946 | C142: 17 | D142: 37
A143: Lautaro Martínez | B143: 0.76666667 | C143: 17 | D143: 30
A144: Ferrán Torres | B144: 0.54545455 | C144: 16 | D144: 33
A145: Grand Total | B145: 0.77578213 | C145: 219 | D145: 334
A152: Row Labels | B152: Count of Player | C152: Goals count per postition
A153: DF | B153: 930 | C153: 666
A154: FW | B154: 705 | C154: 2490
A155: MF | B155: 1443 | C155: 2767
A156: Grand Total | B156: 3078 | C156: 4534
A166: Sum of Gls | B166: Sum of Ast | C166: Sum of G+A | D166: Median_Age | E166: Average_Age | F166: Median_Goal_Con | G166: Average_Goal_Con
A167: 4534 | B167: 3182 | C167: 7716 | D167: 24 | E167: 24.645783 | F167: 0.08 | G167: 0.1252675
A178: Row Labels | B178: Count player | C178: Goals
A179: DF | B179: 930 | C179: 666
A180: FW | B180: 705 | C180: 2490
A181: MF | B181: 1443 | C181: 2767
A182: Grand Total | B182: 2490 | C182: 4534
A187: Row Labels | B187: Count player
A188: de Bundesliga | B188: 461
A189: eng Premier League | B189: 477
A190: es La Liga | B190: 544
A191: fr Ligue 1 | B191: 488
A192: it Serie A | B192: 520
A193: Grand Total | B193: 2490
A203: Count player | B203: Goals_Count | C203: Assists_Count | D203: Club_Count | E203: Country_Count
A204: 2490 | B204: 4534 | C204: 3182 | D204: 96 | E204: 113
A208: Row Labels | B208: Count player | C208: Country | D208: Count of players
A209: Albania | B209: 10 | C209: Albania | D209: =_xlfn.XLOOKUP(C209,$A$209:$A$321,$B$209:$B$321,0) -> 10
A210: Algeria | B210: 22 | C210: Algeria | D210: =_xlfn.XLOOKUP(C210,$A$209:$A$321,$B$209:$B$321,0) -> 22
A211: Angola | B211: 7 | C211: Angola | D211: =_xlfn.XLOOKUP(C211,$A$209:$A$321,$B$209:$B$321,0) -> 7
A212: Argentina | B212: 66 | C212: Argentina | D212: =_xlfn.XLOOKUP(C212,$A$209:$A$321,$B$209:$B$321,0) -> 66
A213: Armenia | B213: 2 | C213: Armenia | D213: =_xlfn.XLOOKUP(C213,$A$209:$A$321,$B$209:$B$321,0) -> 2
A214: Australia | B214: 3 | C214: Australia | D214: =_xlfn.XLOOKUP(C214,$A$209:$A$321,$B$209:$B$321,0) -> 3
A215: Austria | B215: 29 | C215: Austria | D215: =_xlfn.XLOOKUP(C215,$A$209:$A$321,$B$209:$B$321,0) -> 29
A216: Barbados | B216: 1 | C216: Barbados | D216: =_xlfn.XLOOKUP(C216,$A$209:$A$321,$B$209:$B$321,0) -> 1
A217: Belgium | B217: 49 | C217: Belgium | D217: =_xlfn.XLOOKUP(C217,$A$209:$A$321,$B$209:$B$321,0) -> 49
A218: Benin | B218: 2 | C218: Benin | D218: =_xlfn.XLOOKUP(C218,$A$209:$A$321,$B$209:$B$321,0) -> 2
A219: Bosnia and Herzegovina | B219: 9 | C219: Bosnia and Herzegovina | D219: =_xlfn.XLOOKUP(C219,$A$209:$A$321,$B$209:$B$321,0) -> 9
A220: Brazil | B220: 81 | C220: Brazil | D220: =_xlfn.XLOOKUP(C220,$A$209:$A$321,$B$209:$B$321,0) -> 81
... A321: Zimbabwe | B321: 3 | C321: Zimbabwe | D321: =_xlfn.XLOOKUP(C321,$A$209:$A$321,$B$209:$B$321,0) -> 3
A324: Row Labels | B324: Goals_Count
A325: de Bundesliga | B325: 954
A326: eng Premier League | B326: 971
A327: es La Liga | B327: 973
A328: fr Ligue 1 | B328: 782
A329: it Serie A | B329: 854
A330: Grand Total | B330: 4534
A331: Row Labels | B331: Count player
A332: DF | B332: 930
A333: FW | B333: 705
A334: MF | B334: 1443
A335: Grand Total | B335: 2490
A346: Goals_Count | B346: Column Labels
A347: Row Labels | B347: de Bundesliga | C347: eng Premier League | D347: es La Liga | E347: it Serie A
A348: Harry Kane | B348: 36
A349: Erling Haaland | C349: 27
A350: Kylian Mbappé | D350: 25
A351: Vedat Muriqi | D351: 23
A352: Igor Thiago | C352: 22
A353: Deniz Undav | B353: 19
A354: Serhou Guirassy | B354: 17
A355: Ante Budimir | D355: 17
A356: Lautaro Martínez | E356: 17
A357: Ferrán Torres | D357: 16
A380: Row Labels | B380: Avg_Age | C380: Avg_MP | D380: Age Group | E380: Avg_Age | F380: Avg_MP
A381: Under 21 | B381: 18.715953 | C381: 11.184825 | D381: Under 21 | E381: =_xlfn.XLOOKUP($D381,$A$381:$A$384,$B$381:$B$384,0) -> 18.715953 | F381: =_xlfn.XLOOKUP($D381,$A$381:$A$384,$C$381:$C$384,0) -> 11.184825
A382: 21 - 23 | B382: 22.037702 | C382: 20.570916 | D382: 21 - 23 | E382: =_xlfn.XLOOKUP($D382,$A$381:$A$384,$B$381:$B$384,0) -> 22.037702 | F382: =_xlfn.XLOOKUP($D382,$A$381:$A$384,$C$381:$C$384,0) -> 20.570916
A383: 24 - 29 | B383: 26.195926 | C383: 22.690592 | D383: 24 - 29 | E383: =_xlfn.XLOOKUP($D383,$A$381:$A$384,$B$381:$B$384,0) -> 26.195926 | F383: =_xlfn.XLOOKUP($D383,$A$381:$A$384,$C$381:$C$384,0) -> 22.690592
...

Sheet Overview
K1: ⚽ EUROPEAN FOOTBALL PLAYER ANALYTICS 2025/26
K4: =GETPIVOTDATA("[Measures].[Count player]",Data_Hub!$A$187) -> 2490 | M4: =GETPIVOTDATA("[Measures].[Club_Count]",Data_Hub!$A$204) -> 96 | O4: =GETPIVOTDATA("[Measures].[Country_Count]",Data_Hub!$A$203) -> 113 | Q4: =GETPIVOTDATA("[Measures].[Goals_count]",Data_Hub!$A$203) -> 4534 | S4: =GETPIVOTDATA("[Measures].[Assists_Count]",Data_Hub!$A$203) -> 3182
F11: =K4 -> 2490

Sheet Overview-Main
I10: =GETPIVOTDATA("[Measures].[Count player]",Data_Hub!$A$187) -> 2490

Sheet Players_Data
